USER_ID,AGE,STATUS
1,32,premium
2,36,premium
3,39,premium
4,30,premium
5,33,basic
6,36,premium
7,30,premium
8,25,basic
9,37,premium
10,36,premium
11,23,basic
12,36,premium
13,23,basic
14,38,premium
15,39,premium
16,30,premium
17,37,premium
18,30,premium
19,30,premium
20,30,premium
